L,W,Q,Name,Banding,Finish,CanRotate
590,173,1,Chest top drawer Side Left,"1mm,1mm,,1mm",#F1E5AC,
590,173,1,Chest top drawer Side Right,"1mm,1mm,1mm,",#F1E5AC,
1121,173,2,Chest top drawer Back,"1mm,1mm,,",#F1E5AC,
290,173,1,Chest bottom left drawer Side Left,"1mm,1mm,,1mm",#F1E5AC,
290,173,1,Chest bottom left drawer Side Right,"1mm,1mm,1mm,",#F1E5AC,
530,173,2,Chest bottom left drawer Back,"1mm,1mm,,",#F1E5AC,
290,173,1,Chest bottom right drawer Side Left,"1mm,1mm,,1mm",#F1E5AC,
290,173,1,Chest bottom right drawer Side Right,"1mm,1mm,1mm,",#F1E5AC,
530,173,2,Chest bottom right drawer Back,"1mm,1mm,,",#F1E5AC,
590,177,1,Chest middle left drawer Side Left,"1mm,1mm,,1mm",#F1E5AC,
590,177,1,Chest middle left drawer Side Right,"1mm,1mm,1mm,",#F1E5AC,
530,177,2,Chest middle left drawer Back,"1mm,1mm,,",#F1E5AC,
590,177,1,Chest middle right drawer Side Left,"1mm,1mm,,1mm",#F1E5AC,
590,177,1,Chest middle right drawer Side Right,"1mm,1mm,1mm,",#F1E5AC,
530,177,2,Chest middle right drawer Back,"1mm,1mm,,",#F1E5AC,
612,50,4,Top Bearing Side1,"1mm,,,1mm",#F1E5AC,
124,50,8,Top Bearing Side2,"1mm,,,",#F1E5AC,
640,50,1,Shallow drawer Side1 Left,"1mm,1mm,,1mm",#F1E5AC,
640,50,1,Shallow drawer Side1 Right,"1mm,1mm,1mm,",#F1E5AC,
751,50,2,Shallow drawer Back,"1mm,1mm,,",#F1E5AC,
614,50,2,Shallow drawer Side3,"1mm,1mm,,",#F1E5AC,
1183,547,1,Back1,"1mm,1mm,,",#F1E5AC,
1183,287,1,Back2,",1mm,,",#F1E5AC,
1183,172,1,Back3,",1mm,,",#F1E5AC,
240,50,1,Shallow drawer 1 Side1 Left,"1mm,1mm,,1mm",#F1E5AC,
240,50,1,Shallow drawer 1 Side1 Right,"1mm,1mm,1mm,",#F1E5AC,
570,57,2,Shallow drawer 1 Back,"1mm,1mm,,",#F1E5AC,
214,57,2,Shallow drawer 1 Side3,"1mm,1mm,,",#F1E5AC,
240,50,1,Shallow drawer 2 Side1 Left,"1mm,1mm,,1mm",#F1E5AC,
240,50,1,Shallow drawer 2 Side1 Right,"1mm,1mm,1mm,",#F1E5AC,
570,57,2,Shallow drawer 2 Back,"1mm,1mm,,",#F1E5AC,
214,57,2,Shallow drawer 2 Side3,"1mm,1mm,,",#F1E5AC,
